{
    "yang panjang": 0.021834,
    "itu besar": 0.019546,
    "ini adalah": 0.018327,
    "saya mengerti": 0.017568,
    "dia melihat": 0.016743,
    "mereka datang": 0.015812,
    "kita pergi": 0.015235,
    "aku mendengar": 0.014926,
    "orang berjalan": 0.014218,
    "ibu memasak": 0.013569,
    "ayah membaca": 0.013125,
    "kami menemukan": 0.012786,
    "anak bermain": 0.012354,
    "pintu terbuka": 0.011987,
    "jendela tertutup": 0.011542,
    "air mengalir": 0.011236,
    "makna hidup": 0.010875,
    "rumah besar": 0.010523,
    "buku tebal": 0.010124,
    "meja kayu": 0.009876,
    "sedang belajar": 0.009547,
    "sedang membaca": 0.009231,
    "sedang menulis": 0.008956,
    "lama sekali": 0.008672,
    "cepat datang": 0.008421,
    "lambat berjalan": 0.008175,
    "baik sekali": 0.007963,
    "buruk rasanya": 0.007821,
    "panas terik": 0.007634,
    "dingin menusuk": 0.007425,
    "berat beban": 0.007246,
    "ringan tugasnya": 0.007034,
    "tinggi gunung": 0.006893,
    "rendah kualitas": 0.006725,
    "lembut suaranya": 0.006542,
    "keras kepalanya": 0.006387,
    "tajam pisaunya": 0.006215,
    "tumpul otaknya": 0.006073,
    "indah pemandangan": 0.005965,
    "jelek kelakuan": 0.005827,
    "manis senyumnya": 0.005714,
    "pahit kenangan": 0.005623,
    "asin rasanya": 0.005487,
    "siapa namanya": 0.005362,
    "apa kabarnya": 0.005243,
    "bagaimana keadaannya": 0.005137,
    "kapan datangnya": 0.005024,
    "dimana tempatnya": 0.004913,
    "mengapa begitu": 0.004827,
    "bagaimana caranya": 0.004726,
    "saya makan": 0.004654,
    "aku tidur": 0.004538,
    "dia berlari": 0.004435,
    "mereka berbicara": 0.004327,
    "kita berjalan": 0.004238,
    "kalian menunggu": 0.004143,
    "kami mencari": 0.004052,
    "orang mengira": 0.003946,
    "teman membantu": 0.003852,
    "guru mengajar": 0.003764,
    "murid belajar": 0.003687,
    "sedang tidur": 0.003594,
    "sedang lari": 0.003512,
    "lari disekitar": 0.003438,
    "makan nasi": 0.003353,
    "minum air": 0.003276,
    "membaca buku": 0.003189,
    "menulis surat": 0.003126,
    "menonton film": 0.003047,
    "mendengar musik": 0.002974,
    "berbicara keras": 0.002893,
    "berjalan cepat": 0.002836,
    "berlari kencang": 0.002765,
    "tidur nyenyak": 0.002693,
    "makan enak": 0.002635,
    "melihat jauh": 0.002578,
    "mengerti maksud": 0.002514,
    "merasa senang": 0.002453,
    "mengangkat berat": 0.002394,
    "membuka pintu": 0.002343,
    "menutup jendela": 0.002287,
    "mencari tahu": 0.002236,
    "menemukan jawaban": 0.002183,
    "mengubah pikiran": 0.002135,
    "menyimpan uang": 0.002087,
    "membeli makanan": 0.002043,
    "menjual barang": 0.001998,
    "mengirim pesan": 0.001954,
    "menerima hadiah": 0.001912,
    "membantu orang": 0.001873,
    "menolong teman": 0.001834,
    "menyukai film": 0.001797,
    "mencintai keluarga": 0.001763,
    "menghargai waktu": 0.001728,
    "menggunakan alat": 0.001693,
    "memakai baju": 0.001659,
    "memasak makanan": 0.001626,
    "dia adalah": 0.001594,
    "itu adalah": 0.001532
}