{
  "yang panjang": 0.001851,
  "ini adalah": 0.000618,
  "dia melihat": 0.005792,
  "mereka datang": 0.001095,
  "kita pergi": 0.00016,
  "aku mendengar": 0.000563,
  "kami menemukan": 0.000578,
  "pintu terbuka": 0.000251,
  "air mengalir": 0.000167,
  "rumah besar": 0.000589,
  "tidak takut": 0.000983,
  "mereka akan": 0.004039,
  "lama sekali": 0.000418,
  "baik sekali": 0.000582,
  "keras kepalanya": 0.000168,
  "siapa namanya": 0.000168,
  "mengapa begitu": 0.00017,
  "aku tidur": 0.000352,
  "dia berlari": 0.000688,
  "mereka berbicara": 0.000274,
  "kita berjalan": 0.000241,
  "kalian menunggu": 0.00025,
  "orang mengira": 0.000232,
  "sedang tidur": 0.000337,
  "sedang lari": 0.00117,
  "nama kamu": 0.00137,
  "menulis surat": 0.001107,
  "berjalan cepat": 0.000252,
  "berlari kencang": 0.000506,
  "tidur nyenyak": 0.000168,
  "mengerti maksud": 0.00017,
  "merasa senang": 0.000253,
  "membuka pintu": 0.001604,
  "menutup jendela": 0.000255,
  "mencari tahu": 0.000254,
  "menemukan jawaban": 0.000338,
  "mengubah pikiran": 0.00017,
  "ilmu sakti": 0.00056,
  "mengirim pesan": 0.000255,
  "menerima hadiah": 0.00017,
  "membantu orang": 0.00017,
  "memakai baju": 0.00085,
  "memasak makanan": 0.000171,
  "dia adalah": 0.000401,
  "itu adalah": 0.000888,
 "kami akan": 0.002065,
  "dengan baik": 0.001239,
  "untuk itu": 0.001822,
  "dari sini": 0.001521,
  "pada waktu": 0.000544,
  "oleh karena": 0.000169,
  "dia akan": 0.007169,
  "yang banyak": 0.000168,
  "tentang hal": 0.001088,
  "sama sekali": 0.007898,
  "tidak ada": 0.00688,
  "saya akan": 0.001339,
  "mereka telah": 0.000137,
  "sudah pasti": 0.002065,
  "harus segera": 0.000328,
  "pasti bisa": 0.00058,
  "sangat penting": 0.00025,
  "bisa jadi": 0.000869,
  "selalu ada": 0.000587,
  "semua orang": 0.007474,
  "setiap hari": 0.001672,
  "banyak sekali": 0.000417,
  "terlalu banyak": 0.001588,
  "selama ini": 0.000673,
  "karena itu": 0.000504,
  "seperti biasa": 0.001288,
  "saat ini": 0.003459,
  "harus kembali": 0.00041,
  "mereka sudah": 0.00356,
  "tidak mengira": 0.000151,
  "bilang begitu": 0.00194,
  "bintang jatuh": 0.000419,
  "jangan percaya": 0.000252,
  "namun bukan": 0.000249,
  "dari mana": 0.001303,
  "sekarang aku": 0.001645,
  "arah tujuan": 0.000169,
  "mungkin bersedia": 0.000165,
  "dia semakin": 0.000172,
  "berharap dia": 0.001272,
  "saya makan": 0.000155,
  "bagaimana kau": 0.001512,
  "mungkin sudah": 0.001154,
  "biarlah berpikir": 0.000171,
  "kapan kita": 0.000255,
  "harus dilakukan": 0.000821,
  "sedang sakit": 0.00041,
  "sudah keterlaluan": 0.000229,
  "semua berhenti": 0.000244,
  "meminta petunjuk": 0.000169,
  "cara memasak": 0.000247,
  "sungguh menyakitkan": 0.000169,
  "demi kebaikan": 0.000338,
  "makna tersirat": 0.000338,
  "langsung berdiri": 0.000339,
  "bentang alam": 0.000171,
  "begitu melihat": 0.000243,
  "orang lain": 0.001854,
  "tidak begitu": 0.00068,
  "mereka makan": 0.000479,
  "cara belajar": 0.000253,
  "akan datang": 0.002405
}