{
  "around them": 0.002659,
  "of course": 0.000855,
  "each other": 0.002879,
  "right now": 0.000695,
  "thank you": 0.003475,
  "last year": 0.000345,
  "look like": 0.00103,
  "come back": 0.001885,
  "right here": 0.000261,
  "such as": 0.000701,
  "next time": 0.000433,
  "first time": 0.003696,
  "all right": 0.000162,
  "even though": 0.000424,
  "years ago": 0.002163,
  "take care": 0.000516,
  "over there": 0.000255,
  "right there": 0.000782,
  "good morning": 0.000173,
  "good night": 0.000173,
  "with you": 0.002469,
  "about it": 0.001983,
  "in order": 0.000137,
  "too much": 0.001965,
  "make sure": 0.000259,
  "let me": 0.003195,
  "very much": 0.000436,
  "at least": 0.002379,
  "this morning": 0.001662,
  "have been": 0.008244,
  "this way": 0.001164,
  "has been": 0.002233,
  "because of": 0.000352,
  "some time": 0.00043,
  "lose weight": 0.000162,
  "lose control": 0.001405,
  "could be": 0.002217,
  "should be": 0.00311,
  "can be": 0.00215,
  "may be": 0.002618,
  "might be": 0.004485,
  "must be": 0.004458,
  "will be": 0.012321,
  "rather than": 0.001319,
  "this one": 0.001995,
  "we have": 0.005995,
  "they are": 0.007437,
  "how many": 0.002654,
  "little bit": 0.000173,
  "how much": 0.000942,
  "too many": 0.000598,
  "sort of": 0.0022,
  "kind of": 0.001054,
  "long time": 0.001449,
  "these days": 0.000609,
  "next to": 0.00026,
  "close to": 0.003052,
  "up to": 0.004059,
  "all day": 0.00089,
  "both of": 0.001396,
  "going to": 0.005856,
  "want to": 0.010779,
  "need to": 0.004522,
  "have to": 0.004677,
  "used to": 0.002811,
  "try to": 0.001494,
  "Last week": 0.002903,
  "hard to": 0.001989,
  "easy to": 0.000791,
  "have got": 0.000159,
  "over the": 0.010613,
  "under the": 0.007034,
  "through the": 0.015661,
  "around the": 0.004375,
  "can you": 0.00172,
  "did you": 0.004484,
  "will you": 0.00151,
  "would you": 0.002771,
  "could you": 0.000575,
  "should you": 0.000864,
  "if you": 0.014089,
  "when you": 0.003159,
  "while you": 0.000521,
  "because you": 0.000352,
  "since you": 0.000263,
  "so that": 0.000573,
  "in case": 0.000137,
  "elude arrows": 0.000137,
  "bad weather": 0.000137,
  "as long": 0.000574,
  "as soon": 0.001579,
  "very good": 0.000786,
  "too bad": 0.000171,
  "too good": 0.000171,
  "all night": 0.000648,
  "last week": 0.000259,
  "last month": 0.000173,
  "each day": 0.000436,
  "every day": 0.00139,
  "to help": 0.001446,
  "just because": 0.000174,
  "just like": 0.000608,
  "call out": 0.000175,
  "desert storm": 0.000175,
  "dessert menu": 0.00139,
  "color complement": 0.00039,
  "compliment him": 0.00034,
  "moral principle": 0.000176,
  "basic principle": 0.00016,
  "weather forecast": 0.000114,
  "emergency brake": 0.00094,
  "elude capture": 0.00069,
  "break time": 0.00034,
  "coffee break": 0.0000174,
  "break glass": 0.000094
}