{
  "muchas gracias": 0.000535,
  "por favor": 0.004264,
  "me gusta": 0.000778,
  "lo siento": 0.001389,
  "mi casa": 0.000613,
  "muy bien": 0.003073,
  "ahora mismo": 0.001704,
  "sin problema": 0.000116,
  "con cuidado": 0.00029,
  "para siempre": 0.000648,
  "esta noche": 0.001892,
  "buena suerte": 0.000178,
  "tengo hambre": 0.000236,
  "tengo sed": 0.000177,
  "estoy cansado": 0.000178,
  "un momento": 0.004007,
  "poco tiempo": 0.000118,
  "siento mucho": 0.000654,
  "mi amigo": 0.000278,
  "coser ropa": 0.000177,
  "ahora no": 0.000176,
  "claro que": 0.000416,
  "por supuesto": 0.000947,
  "de acuerdo": 0.000943,
  "en serio": 0.00063,
  "para ti": 0.000918,
  "muy caro": 0.00029,
  "me encanta": 0.000111,
  "hay tiempo": 0.000294,
  "no hay": 0.00348,
  "no puedo": 0.001192,
  "cocer arroz": 0.000111,
  "me parece": 0.001112,
  "mala suerte": 0.000179,
  "sin duda": 0.004411,
  "una cosa": 0.001224,
  "otra vez": 0.002771,
  "buen amigo": 0.000178,
  "mucho tiempo": 0.002409,
  "poco dinero": 0.000118,
  "toda la": 0.002131,
  "muy pronto": 0.000232,
  "nos vamos": 0.000176,
  "me alegro": 0.000445,
  "muy amable": 0.000406,
  "hace tiempo": 0.000118,
  "mucho mejor": 0.00047,
  "de verdad": 0.001983,
  "en realidad": 0.000855,
  "ahora bien": 0.000118,
  "desde luego": 0.002225,
  "por cierto": 0.000368,
  "bien hecho": 0.000175,
  "con frecuencia": 0.000242,
  "casi siempre": 0.000235,
  "cada vez": 0.004468,
  "al fin": 0.000842,
  "por fin": 0.003316,
  "demasiado tarde": 0.000765,
  "en casa": 0.000225,
  "con amigos": 0.000097,
  "sin amigos": 0.000174,
  "me pregunto": 0.000278,
  "me imagino": 0.000445,
  "ya entiendo": 0.000172,
  "no entiendo": 0.000191,
  "me ayudas": 0.000111,
  "me importa": 0.000778,
  "no importa": 0.000858,
  "hace falta": 0.001184,
  "no hace": 0.000763,
  "me preocupa": 0.000222,
  "asta rota": 0.000119,
  "me acuerdo": 0.000389,
  "con calma": 0.000436,
  "buena idea": 0.000475,
  "pobre hombre": 0.000119,
  "largo camino": 0.000237,
  "libre de": 0.000417,
  "sobre el": 0.005137,
  "tras una": 0.000471,
  "parte de": 0.002371,
  "que ha": 0.001297,
  "desde su": 0.000703,
  "casa grande": 0.000412,
  "que sienta": 0.000079,
  "las estaciones": 0.000252,
  "sienta valiente": 0.000119,
  "caza furtiva": 0.000239,
  "para el": 0.003836,
  "largo invierno": 0.000118,
  "los habitantes": 0.000402,
  "de los": 0.032245,
  "los siete": 0.004778,
  "siete reinos": 0.004197,
  "con su": 0.006534,
  "en las": 0.012153,
  "las tierras": 0.002574,
  "fuego ardiente": 0.041727,
  "hasta luego": 0.001457
}