{
  "about": 0.001153,
  "table": 0.001246,
  "dark": 0.000806,
  "them": 0.005243,
  "week": 0.000048,
  "you": 0.015381,
  "smile": 0.000634,
  "come": 0.001497,
  "go": 0.001303,
  "they": 0.006933,
  "what": 0.003574,
  "me": 0.004244,
  "later": 0.000269,
  "sing": 0.000092,
  "there": 0.00342,
  "loud": 0.000079,
  "us": 0.001338,
  "this": 0.003073,
  "see": 0.00221,
  "thick": 0.000484,
  "close": 0.000585,
  "water": 0.000612,
  "now": 0.002307,
  "cold": 0.000788,
  "like": 0.002654,
  "many": 0.000652,
  "handsome": 0.000132,
  "their": 0.003614,
  "soft": 0.000418,
  "himself": 0.001175,
  "laugh": 0.000185,
  "understand": 0.000291,
  "when": 0.004459,
  "pretty": 0.00011,
  "some": 0.001325,
  "heavy": 0.00055,
  "note": 0.000062,
  "she": 0.012638,
  "think": 0.000872,
  "how": 0.001519,
  "hot": 0.000304,
  "fill": 0.000062,
  "sleep": 0.000423,
  "weak": 0.000141,
  "warm": 0.000286,
  "good": 0.001114,
  "where": 0.001598,
  "cut": 0.000506,
  "draw": 0.000066,
  "find": 0.000709,
  "clear": 0.000119,
  "bright": 0.000172,
  "myself": 0.000167,
  "wrong": 0.000308,
  "try": 0.000189,
  "full": 0.000392,
  "why": 0.001026,
  "here": 0.001985,
  "listen": 0.00026,
  "which": 0.00018,
  "ask": 0.000357,
  "big": 0.000313,
  "short": 0.000229,
  "use": 0.00022,
  "empty": 0.000308,
  "get": 0.000511,
  "open": 0.000475,
  "who": 0.002144,
  "call": 0.000379,
  "slow": 0.000163,
  "sweet": 0.000621,
  "tall": 0.000392,
  "change": 0.00011,
  "lake": 0.000031,
  "sharp": 0.000229,
  "touch": 0.000198,
  "father": 0.002822,
  "wide": 0.000185,
  "strong": 0.000489,
  "fast": 0.000202,
  "carry": 0.000128,
  "sell": 0.000092,
  "question": 0.000158,
  "sad": 0.000154,
  "speak": 0.000352,
  "count": 0.000101,
  "yourself": 0.000233,
  "easy": 0.00018,
  "train": 0.000035,
  "help": 0.000541,
  "garden": 0.000048,
  "quiet": 0.000304,
  "read": 0.000185,
  "floor": 0.000264,
  "learn": 0.000154,
  "sister": 0.000819,
  "herself": 0.000726,
  "send": 0.000387,
  "prepare": 0.000031,
  "escort": 0.000106,
  "smooth": 0.00007,
  "run": 0.000326,
  "food": 0.000154,
  "friend": 0.000264,
  "door": 0.000867,
  "rough": 0.000106,
  "write": 0.000075,
  "window": 0.000405,
  "money": 0.000044,
  "glass": 0.000092,
  "return": 0.000269,
  "explain": 0.000035,
  "cheap": 0.000031,
  "wait": 0.000211,
  "themselves": 0.000163,
  "child": 0.000682,
  "beautiful": 0.00022,
  "bitter": 0.000079,
  "difficult": 0.000013,
  "office": 0.000057,
  "discuss": 0.000031,
  "anybody": 0.000022,
  "chair": 0.000145,
  "drive": 0.000035,
  "sick": 0.000154,
  "eat": 0.000172,
  "drink": 0.000167,
  "teach": 0.000106,
  "bread": 0.000141,
  "visit": 0.000141,
  "stupid": 0.000141,
  "shelf": 0.000013,
  "shirt": 0.000044,
  "bad": 0.000163,
  "healthy": 0.000035,
  "work": 0.000216,
  "play": 0.000136,
  "blunt": 0.00004,
  "funny": 0.000026,
  "cook": 0.000044,
  "ourselves": 0.000031,
  "greet": 0.000035,
  "push": 0.000026,
  "library": 0.000066,
  "lamp": 0.000044,
  "happy": 0.000053,
  "sour": 0.000101,
  "tomorrow": 0.000066,
  "person": 0.000035,
  "loose": 0.000119,
  "choose": 0.00011,
  "clothing": 0.000079,
  "smart": 0.000035,
  "bag": 0.000022,
  "tea": 0.000013,
  "yesterday": 0.000048,
  "friendly": 0.000026,
  "buy": 0.000066,
  "honest": 0.000026,
  "search": 0.000057,
  "earlier": 0.000018,
  "busy": 0.000026,
  "pen": 0.000013,
  "deliver": 0.000044,
  "teacher": 0.000013,
  "receive": 0.000022,
  "paint": 0.000022,
  "hat": 0.000018,
  "lose": 0.000114,
  "expensive": 0.000009,
  "shoes": 0.000009,
  "jump": 0.000022,
  "somebody": 0.000013,
  "with": 0.010728,
  "solve": 0.000009,
  "around": 0.001422,
  "should": 0.000999,
  "just": 0.000762,
  "enough": 0.000973,
  "would": 0.004948,
  "than": 0.002315,
  "from": 0.00552,
  "before": 0.001796,
  "after": 0.001136,
  "remind": 0.000066,
  "better": 0.000519,
  "perhaps": 0.00066,
  "somewhere": 0.000084,
  "desert": 0.000044,
  "dessert ": 0.000075,
  "compliment": 0.000013,
  "complement": 0.000009,
  "principle": 0.000009,
  "principal": 0.000048,
  "weather": 0.000009,
  "wheter": 0.000009,
  "break": 0.000101,
  "brake": 0.000026,
  "elude": 0.000009,
  "ellude": 0.000013
}