{
  "que": 0.029642,
  "largo": 0.000444,
  "amigo": 0.000195,
  "viejo": 0.000468,
  "hermano": 0.001524,
  "hermana": 0.000543,
  "maestro": 0.00013,
  "libro": 0.000099,
  "noche": 0.001257,
  "llevar": 0.000253,
  "caza": 0.000133,
  "mercado": 0.000089,
  "bien": 0.001155,
  "antes": 0.001117,
  "jugar": 0.000065,
  "nosotros": 0.000342,
  "ustedes": 0.000007,
  "corazón": 0.000217,
  "siento": 0.000147,
  "sienta": 0.000024,
  "asta": 0.000038,
  "hasta": 0.001917,
  "muchos": 0.000256,
  "ellos": 0.00109,
  "madre": 0.000659,
  "aprender": 0.000068,
  "bosque": 0.000492,
  "todos": 0.001274,
  "hora": 0.000164,
  "bajo": 0.00094,
  "ahora": 0.00083,
  "bueno": 0.000219,
  "casa": 0.000323,
  "pantalones": 0.000027,
  "brillante": 0.000079,
  "ropa": 0.000116,
  "suave": 0.000198,
  "nuestro": 0.000219,
  "tiempo": 0.001069,
  "elegir": 0.000065,
  "tienda": 0.000239,
  "ella": 0.001794,
  "poco": 0.000444,
  "caliente": 0.00013,
  "luego": 0.000544,
  "fuego": 0.000492,
  "tranquilo": 0.000048,
  "usar": 0.00002,
  "claro": 0.000249,
  "ver": 0.001069,
  "hablar": 0.000475,
  "cualquiera": 0.000109,
  "oscuro": 0.000205,
  "cocer": 0.00021,
  "pedir": 0.000065,
  "algunos": 0.000212,
  "mirar": 0.000202,
  "ellas": 0.000164,
  "cortar": 0.000089,
  "mal": 0.000239,
  "discutir": 0.000038,
  "coser": 0.000031,
  "mucho": 0.000844,
  "dulce": 0.000212,
  "cambiar": 0.000055,
  "agua": 0.000383,
  "lago": 0.000038,
  "nuevo": 0.000533,
  "afilado": 0.000044,
  "padre": 0.002139,
  "alto": 0.000441,
  "puerta": 0.000837,
  "campo": 0.000126,
  "hacer": 0.000649,
  "fuerte": 0.000325,
  "ligero": 0.000061,
  "persona": 0.000102,
  "escuchar": 0.000181,
  "correr": 0.000174,
  "lleno": 0.000157,
  "grande": 0.000212,
  "amable": 0.000099,
  "vosotros": 0.000096,
  "conseguir": 0.000041,
  "leer": 0.000068,
  "tomar": 0.000113,
  "cantar": 0.000051,
  "llamar": 0.000113,
  "pobre": 0.000075,
  "pensar": 0.000222,
  "entregar": 0.000038,
  "familia": 0.000109,
  "entender": 0.000051,
  "pagar": 0.000109,
  "enviar": 0.000113,
  "comer": 0.00015,
  "ayuda": 0.000171,
  "mesa": 0.000362,
  "caro": 0.00002,
  "ventana": 0.00029,
  "suyo": 0.000079,
  "enfermo": 0.000051,
  "dinero": 0.000072,
  "calle": 0.000085,
  "recibir": 0.000041,
  "vender": 0.000034,
  "rico": 0.000024,
  "guapo": 0.000034,
  "grueso": 0.000058,
  "caminar": 0.000065,
  "vuestro": 0.000543,
  "ancho": 0.000051,
  "comprar": 0.000041,
  "alguien": 0.000338,
  "gracias": 0.000212,
  "levantar": 0.000072,
  "pared": 0.000143,
  "techo": 0.000055,
  "tocar": 0.000031,
  "buscar": 0.000174,
  "regresar": 0.000075,
  "esperar": 0.000157,
  "preguntar": 0.000051,
  "encontrar": 0.000147,
  "quién": 0.000198,
  "contar": 0.000109,
  "silla": 0.000222,
  "beber": 0.000085,
  "pan": 0.000126,
  "norte": 0.000584,
  "sur": 0.000366,
  "feo": 0.000044,
  "malo": 0.000109,
  "gustar": 0.000106,
  "tuyo": 0.000027,
  "bonito": 0.000038,
  "nosotras": 0.00002,
  "visitar": 0.000031,
  "listo": 0.000055,
  "piso": 0.000027,
  "saltar": 0.00002,
  "trabajo": 0.000075,
  "amargo": 0.000027,
  "biblioteca": 0.000048,
  "pesado": 0.000051,
  "triste": 0.000099,
  "guardar": 0.000027,
  "llenar": 0.000027,
  "corto": 0.000041,
  "correcto": 0.000024,
  "cerrar": 0.000079,
  "estrecho": 0.000044,
  "hermoso": 0.000041,
  "feliz": 0.00002,
  "malvado": 0.000027,
  "arreglar": 0.000014,
  "delgado": 0.000034,
  "borrar": 0.000007,
  "intentar": 0.000038,
  "inteligente": 0.000041,
  "playa": 0.000007,
  "preparar": 0.000024,
  "lento": 0.000044,
  "sano": 0.000031,
  "tonto": 0.000017,
  "hola": 0.000007,
  "abrazar": 0.00001,
  "ayudar": 0.000092,
  "chaqueta": 0.000007,
  "trabajar": 0.00002,
  "carro": 0.000038,
  "ayer": 0.00002,
  "ocupado": 0.000017,
  "barato": 0.000007,
  "sombrero": 0.000014,
  "resolver": 0.000007,
  "gracioso": 0.000007,
  "camisa": 0.000014,
  "vosotras": 0.000007,
  "empujar": 0.000007,
  "honesto": 0.000014,
  "bebida": 0.000017,
  "vidrio": 0.00001,
  "esperad": 0.00001,
  "escribir": 0.000044,
  "explicar": 0.00001,
  "perezoso": 0.000007,
  "dibujar": 0.000007,
  "salado": 0.00001,
  "tras": 0.000765,
  "una": 0.009686,
  "pausa": 0.000044,
  "diez": 0.00013,
  "casas": 0.000161,
  "nobiliarias": 0.000007,
  "lobos": 0.000246,
  "mientras": 0.001828,
  "preparan": 0.000014,
  "para": 0.005935,
  "habitantes": 0.000048,
  "asistido": 0.000007
}