{
  "kembali": 0.00166,
  "gelap": 0.000634,
  "mereka": 0.011321,
  "orang": 0.004807,
  "itu": 0.015889,
  "apa": 0.003531,
  "dia": 0.022403,
  "tahun": 0.001417,
  "melihat": 0.002787,
  "datang": 0.000967,
  "pergi": 0.00164,
  "kita": 0.002952,
  "yang": 0.023922,
  "cepat": 0.000536,
  "lambat": 0.000145,
  "akan": 0.006232,
  "mengira": 0.000223,
  "ini": 0.004791,
  "ingat": 0.000603,
  "juga": 0.001715,
  "panjang": 0.000849,
  "tebal": 0.000329,
  "besar": 0.00238,
  "lama": 0.001014,
  "buruk": 0.000341,
  "dingin": 0.00112,
  "terasa": 0.000634,
  "keras": 0.000799,
  "celana": 0.00007,
  "pakaian": 0.00047,
  "lembut": 0.00054,
  "kecil": 0.001468,
  "sulit": 0.000176,
  "minum": 0.000317,
  "berat": 0.000485,
  "aku": 0.009755,
  "mendengar": 0.001339,
  "baik": 0.001206,
  "anak": 0.004443,
  "sekarang": 0.00175,
  "mengangkat": 0.000842,
  "tidur": 0.000799,
  "tipis": 0.000184,
  "bagaimana": 0.000736,
  "panas": 0.000619,
  "mudah": 0.000223,
  "lemah": 0.000219,
  "hangat": 0.000243,
  "indah": 0.000196,
  "kami": 0.001535,
  "kamu": 0.000489,
  "berjalan": 0.000779,
  "mencari": 0.00045,
  "menunggu": 0.000583,
  "sini": 0.001382,
  "salah": 0.000893,
  "kuat": 0.000611,
  "rendah": 0.000298,
  "baru": 0.000936,
  "tajam": 0.000227,
  "pendek": 0.000262,
  "jelek": 0.000059,
  "sebagai": 0.000759,
  "kosong": 0.000321,
  "bintang": 0.000274,
  "berharga": 0.000035,
  "siapa": 0.00081,
  "terang": 0.000125,
  "makanan": 0.000254,
  "membuka": 0.000505,
  "memanggil": 0.000305,
  "manis": 0.000497,
  "tinggi": 0.001049,
  "air": 0.001077,
  "memeluk": 0.000129,
  "menyentuh": 0.000313,
  "ayah": 0.001018,
  "kakak": 0.000294,
  "dinding": 0.000986,
  "mendorong": 0.000164,
  "rumah": 0.000705,
  "sepatu": 0.000176,
  "mengambil": 0.000435,
  "mengerti": 0.000305,
  "mengapa": 0.000219,
  "benar": 0.001405,
  "berlari": 0.000528,
  "lebar": 0.000278,
  "tenang": 0.000204,
  "sedih": 0.000211,
  "mengisi": 0.00011,
  "makan": 0.000615,
  "makna": 0.000031,
  "menyukai": 0.000211,
  "cerah": 0.000078,
  "membawa": 0.000849,
  "membaca": 0.000149,
  "sempit": 0.000247,
  "belajar": 0.000106,
  "guru": 0.000012,
  "berbicara": 0.000501,
  "sepi": 0.000047,
  "teman": 0.000341,
  "menyampaikan": 0.000114,
  "senang": 0.000454,
  "mengirim": 0.000266,
  "menjual": 0.000063,
  "pintu": 0.001026,
  "adik": 0.000583,
  "jendela": 0.000552,
  "bermain": 0.00016,
  "uang": 0.000067,
  "menutup": 0.000196,
  "mendapatkan": 0.000153,
  "bekerja": 0.00009,
  "kaya": 0.000055,
  "baju": 0.000505,
  "kaca": 0.000114,
  "menggunakan": 0.000164,
  "murah": 0.000086,
  "membantu": 0.000231,
  "ringan": 0.000137,
  "kereta": 0.000067,
  "pasar": 0.000129,
  "lantai": 0.000262,
  "menyimpan": 0.00007,
  "memikirkan": 0.000168,
  "kapan": 0.000117,
  "menghitung": 0.000051,
  "kursi": 0.000172,
  "minuman": 0.000082,
  "roti": 0.000145,
  "meja": 0.000525,
  "pahit": 0.000043,
  "lemari": 0.000016,
  "buku": 0.000254,
  "anda": 0.000505,
  "saya": 0.000924,
  "mengajar": 0.000008,
  "menulis": 0.000121,
  "menonton": 0.00009,
  "jaket": 0.000012,
  "mustahil": 0.000039,
  "lucu": 0.000027,
  "besok": 0.000184,
  "perpustakaan": 0.000059,
  "lampu": 0.000082,
  "mengubah": 0.000078,
  "miskin": 0.000023,
  "kemarin": 0.000055,
  "mengantar": 0.00007,
  "mahal": 0.000063,
  "ramai": 0.000023,
  "pena": 0.00002,
  "menggambar": 0.000008,
  "mengatur": 0.000059,
  "tapi": 0.005473,
  "membeli": 0.000055,
  "mencatat": 0.00002,
  "menyapa": 0.000016,
  "memasak": 0.000031,
  "menghapus": 0.000008,
  "dari": 0.008205,
  "buatkan": 0.000008,
  "kalau": 0.001938,
  "takut": 0.000783,
  "benarkah": 0.000063,
  "cukup": 0.000885,
  "bahkan": 0.001362,
  "terlalu": 0.000975,
  "masih": 0.001343,
  "mungkin": 0.001648,
  "memang": 0.000583,
  "bukan": 0.001957,
  "sesuatu": 0.000395,
  "mendekati": 0.000055,
  "sampai": 0.001993,
  "seperti": 0.002787,
  "biasa": 0.000376,
  "sehingga": 0.000536,
  "membuat": 0.000986,
  "semakin": 0.000591,
  "lari": 0.000391,
  "hidup": 0.00074,
  "adalah": 0.001296,
  "mengatakan": 0.000313,
  "menjadi": 0.00157,
  "untuk": 0.007849,
  "menerima": 0.00016,
  "melewati": 0.000368,
  "kenapa": 0.00056,
  "santai": 0.000074,
  "yakin": 0.000411,
  "tentang": 0.000912,
  "sungguh": 0.000341,
  "sakit": 0.000419,
  "sakti": 0.000112,
  "cara": 0.000141,
  "arah": 0.000162,
  "bentang": 0.00016
}