{
    "kembali": 0.007453,
    "gelap": 0.002848,
    "mereka": 0.050833,
    "orang": 0.021585,
    "itu": 0.071346,
    "apa": 0.015855,
    "dia": 0.020601,
    "dua": 0.100694,
    "melihat": 0.012515,
    "datang": 0.004342,
    "pergi": 0.007365,
    "kita": 0.013253,
    "yang": 0.107414,
    "cepat": 0.002408,
    "lambat": 0.00065,
    "mengira": 0.001002,
    "ini": 0.021514,
    "ibu": 0.002514,
    "panjang": 0.003814,
    "tebal": 0.001476,
    "besar": 0.010687,
    "lama": 0.004552,
    "buruk": 0.001529,
    "dingin": 0.005027,
    "merasa": 0.002848,
    "keras": 0.003586,
    "celana": 0.000316,
    "pakaian": 0.002109,
    "lembut": 0.002426,
    "kecil": 0.006591,
    "sulit": 0.000791,
    "minum": 0.001424,
    "berat": 0.00218,
    "aku": 0.043802,
    "mendengar": 0.006011,
    "baik": 0.005414,
    "anak": 0.01995,
    "sekarang": 0.007857,
    "mengangkat": 0.003779,
    "tidur": 0.003586,
    "tipis": 0.000826,
    "bagaimana": 0.003305,
    "panas": 0.002777,
    "mudah": 0.001002,
    "lemah": 0.000984,
    "hangat": 0.00109,
    "indah": 0.000879,
    "kami": 0.00689,
    "menemukan": 0.002197,
    "berjalan": 0.003498,
    "mencari": 0.002021,
    "menunggu": 0.002619,
    "sini": 0.006205,
    "salah": 0.004008,
    "kuat": 0.002742,
    "rendah": 0.001336,
    "baru": 0.004201,
    "tajam": 0.001019,
    "pendek": 0.001178,
    "jelek": 0.000264,
    "kosong": 0.001441,
    "jam": 0.000738,
    "berharga": 0.000158,
    "siapa": 0.003638,
    "terang": 0.00002,
    "makanan": 0.001143,
    "membuka": 0.002267,
    "memanggil": 0.001371,
    "manis": 0.002232,
    "tinggi": 0.004711,
    "air": 0.004834,
    "memeluk": 0.00058,
    "menyentuh": 0.001406,
    "ayah": 0.00457,
    "kakak": 0.001318,
    "dinding": 0.004429,
    "mendorong": 0.000738,
    "rumah": 0.003164,
    "sepatu": 0.000791,
    "mengambil": 0.001951,
    "mengerti": 0.001371,
    "mengapa": 0.000984,
    "benar": 0.00631,
    "berlari": 0.002373,
    "lebar": 0.001248,
    "tenang": 0.000914,
    "sedih": 0.000949,
    "mengisi": 0.000492,
    "makan": 0.00276,
    "makna":0.00286,
    "menyukai": 0.000949,
    "cerah": 0.000352,
    "membawa": 0.003814,
    "membaca": 0.000668,
    "sempit": 0.001107,
    "belajar": 0.000475,
    "guru": 0.000053,
    "berbicara": 0.00225,
    "sepi": 0.000211,
    "teman": 0.001529,
    "menyampaikan": 0.00051,
    "senang": 0.002039,
    "mengirim": 0.001195,
    "menjual": 0.000281,
    "pintu": 0.004605,
    "adik": 0.002619,
    "jendela": 0.002478,
    "bermain": 0.000721,
    "uang": 0.000299,
    "menutup": 0.000879,
    "mendapatkan": 0.000686,
    "bekerja": 0.000404,
    "kaya": 0.000246,
    "baju": 0.002267,
    "kaca": 0.00051,
    "menggunakan": 0.000738,
    "murah": 0.000387,
    "membantu": 0.001037,
    "ringan": 0.000615,
    "kereta": 0.000299,
    "pasar": 0.00058,
    "lantai": 0.001178,
    "menyimpan": 0.000316,
    "memikirkan": 0.000756,
    "kapan": 0.000527,
    "menghitung": 0.000229,
    "kursi": 0.000773,
    "minuman": 0.000369,
    "roti": 0.00065,
    "meja": 0.002355,
    "pahit": 0.000193,
    "lemari": 0.00007,
    "buku": 0.001143,
    "anda": 0.002267,
    "saya": 0.04148,
    "dari": 0.00148,
    "sedang":0.04323,
    "lari": 0.000122,
    "mengajar": 0.000035,
    "menulis": 0.000545,
    "menonton": 0.000404,
    "jaket": 0.000053,
    "tumpul": 0.000105,
    "lucu": 0.000123,
    "atap": 0.000387,
    "perpustakaan": 0.000264,
    "lampu": 0.000369,
    "rak": 0.00007,
    "mengubah": 0.000352,
    "miskin": 0.000105,
    "kemarin": 0.000246,
    "mengantar": 0.000316,
    "teh": 0.000053,
    "mahal": 0.000281,
    "ramai": 0.000105,
    "pena": 0.000088,
    "menggambar": 0.000035,
    "mengatur": 0.000264,
    "topi": 0.000193,
    "membeli": 0.000246,
    "dompet": 0.000123,
    "mencatat": 0.000088,
    "menyapa": 0.00007,
    "memasak": 0.000141,
    "asin": 0.000123,
    "akan": 0.000123,
    "esok": 0.000035,
    "menghapus": 0.000035,
    "tas": 0.000088
}
