{
  "que": 0.253499,
  "largo": 0.003798,
  "amigo": 0.001665,
  "viejo": 0.004003,
  "hermano": 0.013031,
  "hermana": 0.004646,
  "maestro": 0.00111,
  "libro": 0.000847,
  "llevar": 0.002162,
  "mercado": 0.00076,
  "antes": 0.009554,
  "jugar": 0.000555,
  "nosotros": 0.002922,
  "ustedes": 0.000058,
  "yo": 0.011541,
  "me": 0.035413,
  "ir": 0.003798,
  "venir": 0.000877,
  "muchos": 0.002191,
  "ellos": 0.009321,
  "madre": 0.005639,
  "aprender": 0.000584,
  "bosque": 0.004207,
  "todos": 0.010898,
  "bajo": 0.008035,
  "ahora": 0.0071,
  "bueno": 0.00187,
  "casa": 0.005756,
  "pantalones": 0.000234,
  "brillante": 0.000672,
  "ropa": 0.000993,
  "suave": 0.001695,
  "nuestro": 0.00187,
  "elegir": 0.000555,
  "tienda": 0.002045,
  "ella": 0.01534,
  "caliente": 0.00111,
  "luego": 0.003798,
  "dormir": 0.001315,
  "tranquilo": 0.000409,
  "usar": 0.000175,
  "claro": 0.002133,
  "ver": 0.009145,
  "hablar": 0.004061,
  "cualquiera": 0.000935,
  "oscuro": 0.001753,
  "abrir": 0.00073,
  "pedir": 0.000555,
  "algunos": 0.001812,
  "mirar": 0.001724,
  "ellas": 0.001402,
  "cortar": 0.00076,
  "discutir": 0.000321,
  "comida": 0.00111,
  "dulce": 0.001812,
  "cambiar": 0.000467,
  "agua": 0.003272,
  "lago": 0.000321,
  "nuevo": 0.004558,
  "afilado": 0.00038,
  "padre": 0.018291,
  "alto": 0.003769,
  "puerta": 0.007159,
  "campo": 0.001081,
  "hacer": 0.005551,
  "fuerte": 0.002776,
  "ligero": 0.000526,
  "persona": 0.000877,
  "escuchar": 0.001549,
  "correr": 0.00149,
  "lleno": 0.001344,
  "grande": 0.001812,
  "amable": 0.000847,
  "vosotros": 0.000818,
  "conseguir": 0.000351,
  "leer": 0.000584,
  "tomar": 0.000964,
  "cantar": 0.000438,
  "llamar": 0.000964,
  "pobre": 0.000643,
  "pensar": 0.001899,
  "entregar": 0.000321,
  "entender": 0.000438,
  "pagar": 0.000935,
  "enviar": 0.000964,
  "comer": 0.001286,
  "mesa": 0.003097,
  "caro": 0.000175,
  "ventana": 0.002484,
  "suyo": 0.000672,
  "enfermo": 0.000438,
  "dinero": 0.000614,
  "calle": 0.00073,
  "recibir": 0.000351,
  "vender": 0.000292,
  "rico": 0.000205,
  "guapo": 0.000292,
  "grueso": 0.000497,
  "caminar": 0.000555,
  "vuestro": 0.004646,
  "ancho": 0.000438,
  "comprar": 0.000351,
  "alguien": 0.002893,
  "levantar": 0.000614,
  "pared": 0.001227,
  "techo": 0.000467,
  "tocar": 0.000263,
  "buscar": 0.00149,
  "regresar": 0.000643,
  "esperar": 0.001344,
  "preguntar": 0.000438,
  "encontrar": 0.001256,
  "quien": 0.001695,
  "contar": 0.000935,
  "silla": 0.001899,
  "beber": 0.00073,
  "pan": 0.001081,
  "feo": 0.00038,
  "malo": 0.000935,
  "gustar": 0.000906,
  "tuyo": 0.000234,
  "bonito": 0.000321,
  "nosotras": 0.000175,
  "visitar": 0.000263,
  "listo": 0.000467,
  "piso": 0.000234,
  "saltar": 0.000175,
  "amargo": 0.000234,
  "biblioteca": 0.000409,
  "pesado": 0.000438,
  "triste": 0.000847,
  "guardar": 0.000234,
  "llenar": 0.000234,
  "corto": 0.000351,
  "correcto": 0.000205,
  "cerrar": 0.000672,
  "estrecho": 0.00038,
  "hermoso": 0.000351,
  "feliz": 0.000175,
  "malvado": 0.000234,
  "arreglar": 0.000117,
  "delgado": 0.000292,
  "borrar": 0.000058,
  "intentar": 0.000321,
  "inteligente": 0.000351,
  "playa": 0.000058,
  "preparar": 0.000205,
  "lento": 0.00038,
  "sano": 0.000263,
  "tonto": 0.000146,
  "abrazar": 0.000088,
  "ayudar": 0.000789,
  "chaqueta": 0.000058,
  "trabajar": 0.000175,
  "ayer": 0.000175,
  "ocupado": 0.000146,
  "barato": 0.000058,
  "sombrero": 0.000117,
  "resolver": 0.000058,
  "gracioso": 0.000058,
  "camisa": 0.000117,
  "vosotras": 0.000058,
  "empujar": 0.000058,
  "honesto": 0.000117,
  "bebida": 0.000146,
  "vidrio": 0.000088,
  "escribir": 0.00038,
  "explicar": 0.000088,
  "perezoso": 0.000058,
  "dibujar": 0.000058,
  "salado": 0.000088
}