{
  "book": 0.000451,
  "house": 0.002652,
  "table": 0.005106,
  "we": 0.012196,
  "dark": 0.003302,
  "them": 0.021487,
  "do": 0.02178,
  "you": 0.163036,
  "smile": 0.002598,
  "he": 0.097909,
  "old": 0.007667,
  "come": 0.006134,
  "go": 0.00534,
  "they": 0.028415,
  "what": 0.014649,
  "that": 0.043623,
  "me": 0.017392,
  "later": 0.001101,
  "mother": 0.0035,
  "sing": 0.000379,
  "there": 0.014018,
  "loud": 0.000325,
  "forest": 0.000956,
  "long": 0.007216,
  "us": 0.005484,
  "this": 0.012593,
  "see": 0.009057,
  "thick": 0.001985,
  "watch": 0.003229,
  "light": 0.002237,
  "close": 0.002399,
  "wall": 0.004131,
  "all": 0.018402,
  "water": 0.002508,
  "now": 0.009454,
  "cold": 0.003229,
  "like": 0.010879,
  "many": 0.00267,
  "handsome": 0.000541,
  "their": 0.014812,
  "pants": 0.00009,
  "brother": 0.008118,
  "soft": 0.001714,
  "himself": 0.004817,
  "laugh": 0.000758,
  "take": 0.005412,
  "understand": 0.001191,
  "when": 0.018276,
  "pretty": 0.000451,
  "some": 0.00543,
  "heavy": 0.002255,
  "right": 0.003211,
  "note": 0.000253,
  "she": 0.051796,
  "think": 0.003572,
  "how": 0.006224,
  "hot": 0.001245,
  "fill": 0.000253,
  "sleep": 0.001732,
  "weak": 0.000577,
  "warm": 0.001173,
  "good": 0.004564,
  "where": 0.006549,
  "cut": 0.002075,
  "draw": 0.000271,
  "find": 0.002905,
  "clear": 0.000487,
  "bright": 0.000704,
  "myself": 0.000686,
  "wrong": 0.001263,
  "try": 0.000776,
  "full": 0.001606,
  "why": 0.004204,
  "here": 0.008137,
  "listen": 0.001064,
  "which": 0.00074,
  "new": 0.001732,
  "ask": 0.001461,
  "big": 0.001281,
  "short": 0.000938,
  "ugly": 0.000469,
  "use": 0.000902,
  "thin": 0.001046,
  "empty": 0.001263,
  "get": 0.002093,
  "open": 0.001948,
  "who": 0.008786,
  "call": 0.001552,
  "slow": 0.000668,
  "sweet": 0.002544,
  "tall": 0.001606,
  "change": 0.000451,
  "lake": 0.000126,
  "lazy": 0.000144,
  "sharp": 0.000938,
  "touch": 0.000812,
  "father": 0.011564,
  "small": 0.003536,
  "field": 0.000884,
  "wide": 0.000758,
  "strong": 0.002003,
  "fast": 0.00083,
  "carry": 0.000523,
  "sell": 0.000379,
  "question": 0.000649,
  "sad": 0.000631,
  "speak": 0.001443,
  "count": 0.000415,
  "yourself": 0.000956,
  "easy": 0.00074,
  "train": 0.000144,
  "help": 0.002219,
  "garden": 0.000198,
  "crowded": 0.000253,
  "quiet": 0.001245,
  "walk": 0.000902,
  "read": 0.000758,
  "narrow": 0.001101,
  "floor": 0.001082,
  "learn": 0.000631,
  "poor": 0.000595,
  "sister": 0.003356,
  "herself": 0.002977,
  "send": 0.001588,
  "prepare": 0.000126,
  "escort": 0.000433,
  "smooth": 0.000289,
  "run": 0.001335,
  "food": 0.000631,
  "friend": 0.001082,
  "door": 0.003554,
  "rough": 0.000433,
  "write": 0.000307,
  "window": 0.00166,
  "money": 0.00018,
  "rich": 0.000559,
  "glass": 0.000379,
  "lift": 0.000343,
  "return": 0.001101,
  "explain": 0.000144,
  "cheap": 0.000126,
  "pay": 0.000613,
  "wait": 0.000866,
  "river": 0.001425,
  "themselves": 0.000668,
  "child": 0.002796,
  "beautiful": 0.000902,
  "bitter": 0.000325,
  "difficult": 0.000054,
  "office": 0.000235,
  "discuss": 0.000126,
  "anybody": 0.00009,
  "chair": 0.000595,
  "drive": 0.000144,
  "sick": 0.000631,
  "eat": 0.000704,
  "drink": 0.000686,
  "teach": 0.000433,
  "bread": 0.000577,
  "visit": 0.000577,
  "stupid": 0.000577,
  "shelf": 0.000054,
  "mountain": 0.001137,
  "shirt": 0.00018,
  "bad": 0.000668,
  "healthy": 0.000144,
  "work": 0.000884,
  "road": 0.001335,
  "play": 0.000559,
  "blunt": 0.000162,
  "funny": 0.000108,
  "cook": 0.00018,
  "roof": 0.000289,
  "ourselves": 0.000126,
  "greet": 0.000144,
  "push": 0.000108,
  "library": 0.000271,
  "lamp": 0.00018,
  "happy": 0.000216,
  "sour": 0.000415,
  "tomorrow": 0.000271,
  "person": 0.000144,
  "calm": 0.000235,
  "choose": 0.000451,
  "clothing": 0.000325,
  "smart": 0.000144,
  "bag": 0.00009,
  "tea": 0.000054,
  "yesterday": 0.000198,
  "evil": 0.000108,
  "friendly": 0.000108,
  "buy": 0.000271,
  "honest": 0.000108,
  "search": 0.000235,
  "clever": 0.000289,
  "market": 0.000415,
  "earlier": 0.000072,
  "busy": 0.000108,
  "pen": 0.000054,
  "deliver": 0.00018
}